ID	Description	GeneRatio	BgRatio	pvalue	p.adjust	qvalue	geneID	Count
GO:0016567	protein ubiquitination	7/8	61/2086	1.01034324116119e-10	6.06205944696712e-10	1.0635192012223e-10	btp005400-T1/btp002124-T1.2.61e8db7f/btp014638-T1/btp004295-T1/btp004294-T1/btp021999-T1/btp021998-T1	7
GO:0008150	biological_process	5/8	166/2086	0.000138404350862874	0.000415213052588621	7.28443951909862e-05	btp005400-T1/btp002124-T1.2.61e8db7f/btp014638-T1/btp004295-T1/btp004294-T1	5
GO:0043123	positive regulation of I-kappaB kinase/NF-kappaB signaling	2/8	23/2086	0.00312856760465918	0.00554325144385692	0.000972500253308232	btp021999-T1/btp021998-T1	2
GO:0051092	positive regulation of NF-kappaB transcription factor activity	2/8	25/2086	0.00369550096257128	0.00554325144385692	0.000972500253308232	btp021999-T1/btp021998-T1	2
GO:0045087	innate immune response	2/8	75/2086	0.0310364202645943	0.0372437043175132	0.00653398321359881	btp021999-T1/btp021998-T1	2
GO:0045893	positive regulation of transcription, DNA-templated	1/8	91/2086	0.300541086805531	0.300541086805531	0.0527265064571108	btp005788-T1	1
